,unix_time,failures,unique_paths,crashes,iterations,code_coverage
0,1680513140.0552251,0.0,1.0,0.0,0.0,28.151
1,1680513145.06374,0.0,1.0,0.0,0.0,28.151
2,1680513150.062634,0.0,1.0,0.0,0.0,28.151
3,1680513155.061001,0.0,1.0,0.0,0.0,28.151
4,1680513160.0617201,0.0,1.0,0.0,0.0,28.151
5,1680513165.060213,0.0,1.0,0.0,0.0,28.151
6,1680513170.0636811,0.0,1.0,0.0,0.0,28.151
