,unix_time,failures,unique_paths,crashes,iterations,code_coverage
0,1680514239.946294,0.0,1.0,0.0,0.0,28.151
1,1680514244.952796,3.0,6.0,0.0,46.0,70.16799999999999
2,1680514249.955792,6.0,9.0,0.0,92.0,86.134
3,1680514254.9557178,6.0,9.0,0.0,139.0,86.134
4,1680514259.9557061,6.0,9.0,0.0,185.0,86.134
5,1680514264.95572,6.0,9.0,0.0,232.0,86.134
6,1680514269.955828,6.0,9.0,0.0,278.0,86.134
7,1680514274.953114,6.0,9.0,0.0,325.0,86.134
