,unix_time,failures,unique_paths,crashes,iterations,code_coverage
0,1680512845.4925811,0.0,1.0,0.0,0.0,28.151
1,1680512850.5032132,3.0,5.0,0.0,19.0,41.597
2,1680512855.501484,4.0,6.0,0.0,38.0,55.882
3,1680512860.5034502,5.0,8.0,0.0,85.0,85.294
4,1680512865.502888,6.0,9.0,0.0,132.0,86.134
5,1680512870.503072,6.0,9.0,0.0,172.0,86.134
