,unix_time,failures,unique_paths,crashes,iterations,code_coverage
0,1680378663.828832,0.0,1.0,0.0,0.0,28.07
1,1680378668.8286698,0.0,1.0,0.0,0.0,28.07
2,1680378673.8285873,0.0,1.0,0.0,0.0,28.07
