,unix_time,failures,unique_paths,crashes,iterations,code_coverage
0,1680513395.158905,0.0,1.0,0.0,0.0,28.151
1,1680513400.1655731,3.0,4.0,0.0,20.0,31.513
2,1680513405.1636422,4.0,5.0,0.0,36.0,46.217999999999996
3,1680513410.166662,5.0,7.0,0.0,54.0,84.03399999999999
4,1680513415.1662028,6.0,8.0,0.0,79.0,85.294
5,1680513420.1629949,6.0,8.0,0.0,105.0,85.294
6,1680513425.165487,6.0,8.0,0.0,131.0,85.294
7,1680513430.1666062,6.0,8.0,0.0,156.0,85.294
8,1680513435.1672719,6.0,8.0,0.0,179.0,85.294
