,unix_time,failures,unique_paths,crashes,iterations,code_coverage
0,1680513042.297994,0.0,1.0,0.0,0.0,28.151
1,1680513047.306156,0.0,1.0,0.0,0.0,28.151
2,1680513052.301727,0.0,1.0,0.0,0.0,28.151
3,1680513057.3054101,0.0,1.0,0.0,0.0,28.151
4,1680513062.305089,0.0,1.0,0.0,0.0,28.151
