,unix_time,failures,unique_paths,crashes,iterations,code_coverage
0,1680378549.6680248,0.0,1.0,0.0,0.0,28.07
1,1680378554.6680133,0.0,1.0,0.0,0.0,28.07
2,1680378559.6679382,0.0,1.0,0.0,0.0,28.07
