,unix_time,failures,unique_paths,crashes,iterations,code_coverage
0,1680514073.2962618,0.0,1.0,0.0,0.0,28.151
1,1680514078.305886,0.0,1.0,0.0,0.0,28.151
2,1680514083.302999,0.0,1.0,0.0,0.0,28.151
3,1680514088.303484,0.0,1.0,0.0,0.0,28.151
4,1680514093.305886,0.0,1.0,0.0,0.0,28.151
