,unix_time,failures,total_paths,iterations
0,1679326632.207144,5.0,9.0,1.0
1,1679326634.809927,5.0,9.0,21.0
2,1679326637.4171119,5.0,9.0,41.0
3,1679326639.7065835,5.0,9.0,59.0
4,1679326642.3766491,5.0,9.0,79.0
5,1679326644.9250267,5.0,9.0,99.0
6,1679326647.4831686,5.0,9.0,119.0
7,1679326649.983156,5.0,9.0,139.0
8,1679326652.5838537,5.0,9.0,159.0
